<?xml version="1.0" encoding="UTF-8"?>

<!--
Licensed to the Apache Software Foundation (ASF) under one
or more contributor license agreements.  See the NOTICE file
distributed with this work for additional information
regarding copyright ownership.  The ASF licenses this file
to you under the Apache License, Version 2.0 (the
"License"); you may not use this file except in compliance
with the License.  You may obtain a copy of the License at

  http://www.apache.org/licenses/LICENSE-2.0

Unless required by applicable law or agreed to in writing,
software distributed under the License is distributed on an
"AS IS" BASIS, WITHOUT WARRANTIES OR CONDITIONS OF ANY
KIND, either express or implied.  See the License for the
specific language governing permissions and limitations
under the License.
-->

<project xmlns="http://maven.apache.org/DECORATION/1.0.0"
  xmlns:xsi="http://www.w3.org/2001/XMLSchema-instance"
  xsi:schemaLocation="http://maven.apache.org/DECORATION/1.0.0 http://maven.apache.org/xsd/decoration-1.0.0.xsd">

  <body>
    <menu name="Overview">
      <item name="Introduction" href="index.html"/>
      <item name="Goals" href="plugin-info.html"/>
      <item name="Usage" href="usage.html"/>
      <item name="FAQ" href="faq.html"/>
      <!-- According to https://issues.apache.org/jira/browse/MNGSITE-152 -->
      <item name="License" href="http://www.apache.org/licenses/"/>
      <item name="Download" href="download.html"/>
    </menu>
    <menu name="Configuration">
      <item name="Overlays" href="overlays.html"/>
    </menu>
    <menu name="Examples">
      <item name="Adding and Filtering External Web Resources" href="examples/adding-filtering-webresources.html"/>
      <item name="WAR Manifest Customization" href="examples/war-manifest-guide.html"/>
      <item name="Rapid Testing Using the Jetty Plugin" href="examples/rapid-testing-jetty6-plugin.html"/>
      <item name="Creating Skinny WARs" href="examples/skinny-wars.html"/>
      <item name="Including and Excluding Files From the WAR" href="examples/including-excluding-files-from-war.html"/>
      <item name="Using File Name Mapping" href="examples/file-name-mapping.html"/>
    </menu>
  </body>
</project>
